Topic,Problem,Status,R1,R1 status,R2,R2 status,R3,R3 status,R4,R4 status,R5,R5 status
Array,Reverse the array,,05-Sep-23,,06-Sep-23,,13-Sep-23,,28-Sep-23,,28-Oct-23,
Array,Find the maximum and minimum element in an array,,05-Sep-23,,06-Sep-23,,13-Sep-23,,28-Sep-23,,28-Oct-23,
Array,"Find the ""Kth"" max and min element of an array ",,06-Sep-23,,07-Sep-23,,14-Sep-23,,29-Sep-23,,29-Oct-23,
Array,"Given an array which consists of only 0, 1 and 2. Sort the array without using any sorting algo",,06-Sep-23,,07-Sep-23,,14-Sep-23,,29-Sep-23,,29-Oct-23,
Array,Move all the negative elements to one side of the array ,,07-Sep-23,,08-Sep-23,,15-Sep-23,,30-Sep-23,,30-Oct-23,
Array,Find the Union and Intersection of the two sorted arrays.,,07-Sep-23,,08-Sep-23,,15-Sep-23,,30-Sep-23,,30-Oct-23,
Array,Write a program to cyclically rotate an array by one.,,08-Sep-23,,09-Sep-23,,16-Sep-23,,01-Oct-23,,31-Oct-23,
Array,find Largest sum contiguous Subarray [V. IMP],,08-Sep-23,,09-Sep-23,,16-Sep-23,,01-Oct-23,,31-Oct-23,
Array,Minimise the maximum difference between heights [V.IMP],,09-Sep-23,,10-Sep-23,,17-Sep-23,,02-Oct-23,,01-Nov-23,
Array,Minimum no. of Jumps to reach end of an array,,09-Sep-23,,10-Sep-23,,17-Sep-23,,02-Oct-23,,01-Nov-23,
Array,find duplicate in an array of N+1 Integers,,10-Sep-23,,11-Sep-23,,18-Sep-23,,03-Oct-23,,02-Nov-23,
Array,Merge 2 sorted arrays without using Extra space.,,10-Sep-23,,11-Sep-23,,18-Sep-23,,03-Oct-23,,02-Nov-23,
Array,Kadane's Algo [V.V.V.V.V IMP],,11-Sep-23,,12-Sep-23,,19-Sep-23,,04-Oct-23,,03-Nov-23,
Array,Merge Intervals,,11-Sep-23,,12-Sep-23,,19-Sep-23,,04-Oct-23,,03-Nov-23,
Array,Next Permutation,,12-Sep-23,,13-Sep-23,,20-Sep-23,,05-Oct-23,,04-Nov-23,
Array,Count Inversion,,12-Sep-23,,13-Sep-23,,20-Sep-23,,05-Oct-23,,04-Nov-23,
Array,Best time to buy and Sell stock,,13-Sep-23,,14-Sep-23,,21-Sep-23,,06-Oct-23,,05-Nov-23,
Array,find all pairs on integer array whose sum is equal to given number,,13-Sep-23,,14-Sep-23,,21-Sep-23,,06-Oct-23,,05-Nov-23,
Array,find common elements In 3 sorted arrays,,14-Sep-23,,15-Sep-23,,22-Sep-23,,07-Oct-23,,06-Nov-23,
Array,Rearrange the array in alternating positive and negative items with O(1) extra space,,14-Sep-23,,15-Sep-23,,22-Sep-23,,07-Oct-23,,06-Nov-23,
Array,Find if there is any subarray with sum equal to 0,,15-Sep-23,,16-Sep-23,,23-Sep-23,,08-Oct-23,,07-Nov-23,
Array,Find factorial of a large number,,15-Sep-23,,16-Sep-23,,23-Sep-23,,08-Oct-23,,07-Nov-23,
Array,find maximum product subarray ,,16-Sep-23,,17-Sep-23,,24-Sep-23,,09-Oct-23,,08-Nov-23,
Array,Find longest coinsecutive subsequence,,16-Sep-23,,17-Sep-23,,24-Sep-23,,09-Oct-23,,08-Nov-23,
Array,"Given an array of size n and a number k, fin all elements that appear more than "" n/k "" times.",,17-Sep-23,,18-Sep-23,,25-Sep-23,,10-Oct-23,,09-Nov-23,
Array,Maximum profit by buying and selling a share atmost twice,,17-Sep-23,,18-Sep-23,,25-Sep-23,,10-Oct-23,,09-Nov-23,
Array,Find whether an array is a subset of another array,,18-Sep-23,,19-Sep-23,,26-Sep-23,,11-Oct-23,,10-Nov-23,
Array,Find the triplet that sum to a given value,,18-Sep-23,,19-Sep-23,,26-Sep-23,,11-Oct-23,,10-Nov-23,
Array,Trapping Rain water problem,,19-Sep-23,,20-Sep-23,,27-Sep-23,,12-Oct-23,,11-Nov-23,
Array,Chocolate Distribution problem,,19-Sep-23,,20-Sep-23,,27-Sep-23,,12-Oct-23,,11-Nov-23,
Array,Smallest Subarray with sum greater than a given value,,20-Sep-23,,21-Sep-23,,28-Sep-23,,13-Oct-23,,12-Nov-23,
Array,Three way partitioning of an array around a given value,,20-Sep-23,,21-Sep-23,,28-Sep-23,,13-Oct-23,,12-Nov-23,
Array,Minimum swaps required bring elements less equal K together,,21-Sep-23,,22-Sep-23,,29-Sep-23,,14-Oct-23,,13-Nov-23,
Array,Minimum no. of operations required to make an array palindrome,,21-Sep-23,,22-Sep-23,,29-Sep-23,,14-Oct-23,,13-Nov-23,
Array,Median of 2 sorted arrays of equal size,,22-Sep-23,,23-Sep-23,,30-Sep-23,,15-Oct-23,,14-Nov-23,
Array,Median of 2 sorted arrays of different size,,22-Sep-23,,23-Sep-23,,30-Sep-23,,15-Oct-23,,14-Nov-23,
Matrix,Spiral traversal on a Matrix,,23-Sep-23,,24-Sep-23,,01-Oct-23,,16-Oct-23,,15-Nov-23,
Matrix,Search an element in a matriix,,23-Sep-23,,24-Sep-23,,01-Oct-23,,16-Oct-23,,15-Nov-23,
Matrix,Find median in a row wise sorted matrix,,24-Sep-23,,25-Sep-23,,02-Oct-23,,17-Oct-23,,16-Nov-23,
Matrix,Find row with maximum no. of 1's,,24-Sep-23,,25-Sep-23,,02-Oct-23,,17-Oct-23,,16-Nov-23,
Matrix,Print elements in sorted order using row-column wise sorted matrix,,25-Sep-23,,26-Sep-23,,03-Oct-23,,18-Oct-23,,17-Nov-23,
Matrix,Maximum size rectangle,,25-Sep-23,,26-Sep-23,,03-Oct-23,,18-Oct-23,,17-Nov-23,
Matrix,Find a specific pair in matrix,,26-Sep-23,,27-Sep-23,,04-Oct-23,,19-Oct-23,,18-Nov-23,
Matrix,Rotate matrix by 90 degrees,,26-Sep-23,,27-Sep-23,,04-Oct-23,,19-Oct-23,,18-Nov-23,
Matrix,Kth smallest element in a row-cpumn wise sorted matrix,,27-Sep-23,,28-Sep-23,,05-Oct-23,,20-Oct-23,,19-Nov-23,
Matrix,Common elements in all rows of a given matrix,,27-Sep-23,,28-Sep-23,,05-Oct-23,,20-Oct-23,,19-Nov-23,
String,Reverse a String,,28-Sep-23,,29-Sep-23,,06-Oct-23,,21-Oct-23,,20-Nov-23,
String,Check whether a String is Palindrome or not,,28-Sep-23,,29-Sep-23,,06-Oct-23,,21-Oct-23,,20-Nov-23,
String,Find Duplicate characters in a string,,29-Sep-23,,30-Sep-23,,07-Oct-23,,22-Oct-23,,21-Nov-23,
String,Why strings are immutable in Java?,,29-Sep-23,,30-Sep-23,,07-Oct-23,,22-Oct-23,,21-Nov-23,
String,Write a Code to check whether one string is a rotation of another,,30-Sep-23,,01-Oct-23,,08-Oct-23,,23-Oct-23,,22-Nov-23,
String,Write a Program to check whether a string is a valid shuffle of two strings or not,,30-Sep-23,,01-Oct-23,,08-Oct-23,,23-Oct-23,,22-Nov-23,
String,Count and Say problem,,01-Oct-23,,02-Oct-23,,09-Oct-23,,24-Oct-23,,23-Nov-23,
String,Write a program to find the longest Palindrome in a string.[ Longest palindromic Substring],,01-Oct-23,,02-Oct-23,,09-Oct-23,,24-Oct-23,,23-Nov-23,
String,Find Longest Recurring Subsequence in String,,02-Oct-23,,03-Oct-23,,10-Oct-23,,25-Oct-23,,24-Nov-23,
String,Print all Subsequences of a string.,,02-Oct-23,,03-Oct-23,,10-Oct-23,,25-Oct-23,,24-Nov-23,
String,Print all the permutations of the given string,,03-Oct-23,,04-Oct-23,,11-Oct-23,,26-Oct-23,,25-Nov-23,
String,Split the Binary string into two substring with equal 0’s and 1’s,,03-Oct-23,,04-Oct-23,,11-Oct-23,,26-Oct-23,,25-Nov-23,
String,Word Wrap Problem [VERY IMP].,,04-Oct-23,,05-Oct-23,,12-Oct-23,,27-Oct-23,,26-Nov-23,
String,EDIT Distance [Very Imp],,04-Oct-23,,05-Oct-23,,12-Oct-23,,27-Oct-23,,26-Nov-23,
String,Find next greater number with same set of digits. [Very Very IMP],,05-Oct-23,,06-Oct-23,,13-Oct-23,,28-Oct-23,,27-Nov-23,
String,Balanced Parenthesis problem.[Imp],,05-Oct-23,,06-Oct-23,,13-Oct-23,,28-Oct-23,,27-Nov-23,
String,Word break Problem[ Very Imp],,06-Oct-23,,07-Oct-23,,14-Oct-23,,29-Oct-23,,28-Nov-23,
String,Rabin Karp Algo,,06-Oct-23,,07-Oct-23,,14-Oct-23,,29-Oct-23,,28-Nov-23,
String,KMP Algo,,07-Oct-23,,08-Oct-23,,15-Oct-23,,30-Oct-23,,29-Nov-23,
String,Convert a Sentence into its equivalent mobile numeric keypad sequence.,,07-Oct-23,,08-Oct-23,,15-Oct-23,,30-Oct-23,,29-Nov-23,
String,Minimum number of bracket reversals needed to make an expression balanced.,,08-Oct-23,,09-Oct-23,,16-Oct-23,,31-Oct-23,,30-Nov-23,
String,Count All Palindromic Subsequence in a given String.,,08-Oct-23,,09-Oct-23,,16-Oct-23,,31-Oct-23,,30-Nov-23,
String,Count of number of given string in 2D character array,,09-Oct-23,,10-Oct-23,,17-Oct-23,,01-Nov-23,,01-Dec-23,
String,Search a Word in a 2D Grid of characters.,,09-Oct-23,,10-Oct-23,,17-Oct-23,,01-Nov-23,,01-Dec-23,
String,Boyer Moore Algorithm for Pattern Searching.,,10-Oct-23,,11-Oct-23,,18-Oct-23,,02-Nov-23,,02-Dec-23,
String,Converting Roman Numerals to Decimal,,10-Oct-23,,11-Oct-23,,18-Oct-23,,02-Nov-23,,02-Dec-23,
String,Longest Common Prefix,,11-Oct-23,,12-Oct-23,,19-Oct-23,,03-Nov-23,,03-Dec-23,
String,Number of flips to make binary string alternate,,11-Oct-23,,12-Oct-23,,19-Oct-23,,03-Nov-23,,03-Dec-23,
String,Find the first repeated word in string.,,12-Oct-23,,13-Oct-23,,20-Oct-23,,04-Nov-23,,04-Dec-23,
String,Minimum number of swaps for bracket balancing.,,12-Oct-23,,13-Oct-23,,20-Oct-23,,04-Nov-23,,04-Dec-23,
String,Find the longest common subsequence between two strings.,,13-Oct-23,,14-Oct-23,,21-Oct-23,,05-Nov-23,,05-Dec-23,
String,Program to generate all possible valid IP addresses from given  string.,,13-Oct-23,,14-Oct-23,,21-Oct-23,,05-Nov-23,,05-Dec-23,
String,Write a program tofind the smallest window that contains all characters of string itself.,,14-Oct-23,,15-Oct-23,,22-Oct-23,,06-Nov-23,,06-Dec-23,
String,Rearrange characters in a string such that no two adjacent are same,,14-Oct-23,,15-Oct-23,,22-Oct-23,,06-Nov-23,,06-Dec-23,
String,Minimum characters to be added at front to make string palindrome,,15-Oct-23,,16-Oct-23,,23-Oct-23,,07-Nov-23,,07-Dec-23,
String,"Given a sequence of words, print all anagrams together",,15-Oct-23,,16-Oct-23,,23-Oct-23,,07-Nov-23,,07-Dec-23,
String,Find the smallest window in a string containing all characters of another string,,16-Oct-23,,17-Oct-23,,24-Oct-23,,08-Nov-23,,08-Dec-23,
String,Recursively remove all adjacent duplicates,,16-Oct-23,,17-Oct-23,,24-Oct-23,,08-Nov-23,,08-Dec-23,
String,String matching where one string contains wildcard characters,,17-Oct-23,,18-Oct-23,,25-Oct-23,,09-Nov-23,,09-Dec-23,
String,Function to find Number of customers who could not get a computer,,17-Oct-23,,18-Oct-23,,25-Oct-23,,09-Nov-23,,09-Dec-23,
String,Transform One String to Another using Minimum Number of Given Operation,,18-Oct-23,,19-Oct-23,,26-Oct-23,,10-Nov-23,,10-Dec-23,
String,Check if two given strings are isomorphic to each other,,18-Oct-23,,19-Oct-23,,26-Oct-23,,10-Nov-23,,10-Dec-23,
String,Recursively print all sentences that can be formed from list of word lists,,19-Oct-23,,20-Oct-23,,27-Oct-23,,11-Nov-23,,11-Dec-23,
Searching & Sorting,Find first and last positions of an element in a sorted array,,19-Oct-23,,20-Oct-23,,27-Oct-23,,11-Nov-23,,11-Dec-23,
Searching & Sorting,Find a Fixed Point (Value equal to index) in a given array,,20-Oct-23,,21-Oct-23,,28-Oct-23,,12-Nov-23,,12-Dec-23,
Searching & Sorting,Search in a rotated sorted array,,20-Oct-23,,21-Oct-23,,28-Oct-23,,12-Nov-23,,12-Dec-23,
Searching & Sorting,square root of an integer,,21-Oct-23,,22-Oct-23,,29-Oct-23,,13-Nov-23,,13-Dec-23,
Searching & Sorting,Maximum and minimum of an array using minimum number of comparisons,,21-Oct-23,,22-Oct-23,,29-Oct-23,,13-Nov-23,,13-Dec-23,
Searching & Sorting,Optimum location of point to minimize total distance,,22-Oct-23,,23-Oct-23,,30-Oct-23,,14-Nov-23,,14-Dec-23,
Searching & Sorting,Find the repeating and the missing,,22-Oct-23,,23-Oct-23,,30-Oct-23,,14-Nov-23,,14-Dec-23,
Searching & Sorting,find majority element,,23-Oct-23,,24-Oct-23,,31-Oct-23,,15-Nov-23,,15-Dec-23,
Searching & Sorting,Searching in an array where adjacent differ by at most k,,23-Oct-23,,24-Oct-23,,31-Oct-23,,15-Nov-23,,15-Dec-23,
Searching & Sorting,find a pair with a given difference,,24-Oct-23,,25-Oct-23,,01-Nov-23,,16-Nov-23,,16-Dec-23,
Searching & Sorting,find four elements that sum to a given value,,24-Oct-23,,25-Oct-23,,01-Nov-23,,16-Nov-23,,16-Dec-23,
Searching & Sorting,maximum sum such that no 2 elements are adjacent,,25-Oct-23,,26-Oct-23,,02-Nov-23,,17-Nov-23,,17-Dec-23,
Searching & Sorting,Count triplet with sum smaller than a given value,,25-Oct-23,,26-Oct-23,,02-Nov-23,,17-Nov-23,,17-Dec-23,
Searching & Sorting,merge 2 sorted arrays,,26-Oct-23,,27-Oct-23,,03-Nov-23,,18-Nov-23,,18-Dec-23,
Searching & Sorting,print all subarrays with 0 sum,,26-Oct-23,,27-Oct-23,,03-Nov-23,,18-Nov-23,,18-Dec-23,
Searching & Sorting,Product array Puzzle,,27-Oct-23,,28-Oct-23,,04-Nov-23,,19-Nov-23,,19-Dec-23,
Searching & Sorting,Sort array according to count of set bits,,27-Oct-23,,28-Oct-23,,04-Nov-23,,19-Nov-23,,19-Dec-23,
Searching & Sorting,minimum no. of swaps required to sort the array,,28-Oct-23,,29-Oct-23,,05-Nov-23,,20-Nov-23,,20-Dec-23,
Searching & Sorting,Bishu and Soldiers,,28-Oct-23,,29-Oct-23,,05-Nov-23,,20-Nov-23,,20-Dec-23,
Searching & Sorting,Rasta and Kheshtak,,29-Oct-23,,30-Oct-23,,06-Nov-23,,21-Nov-23,,21-Dec-23,
Searching & Sorting,Kth smallest number again,,29-Oct-23,,30-Oct-23,,06-Nov-23,,21-Nov-23,,21-Dec-23,
Searching & Sorting,Find pivot element in a sorted array,,30-Oct-23,,31-Oct-23,,07-Nov-23,,22-Nov-23,,22-Dec-23,
Searching & Sorting,K-th Element of Two Sorted Arrays,,30-Oct-23,,31-Oct-23,,07-Nov-23,,22-Nov-23,,22-Dec-23,
Searching & Sorting,Aggressive cows,,31-Oct-23,,01-Nov-23,,08-Nov-23,,23-Nov-23,,23-Dec-23,
Searching & Sorting,Book Allocation Problem,,31-Oct-23,,01-Nov-23,,08-Nov-23,,23-Nov-23,,23-Dec-23,
Searching & Sorting,EKOSPOJ:,,01-Nov-23,,02-Nov-23,,09-Nov-23,,24-Nov-23,,24-Dec-23,
Searching & Sorting,Job Scheduling Algo,,01-Nov-23,,02-Nov-23,,09-Nov-23,,24-Nov-23,,24-Dec-23,
Searching & Sorting,Missing Number in AP,,02-Nov-23,,03-Nov-23,,10-Nov-23,,25-Nov-23,,25-Dec-23,
Searching & Sorting,Smallest number with atleastn trailing zeroes infactorial,,02-Nov-23,,03-Nov-23,,10-Nov-23,,25-Nov-23,,25-Dec-23,
Searching & Sorting,Painters Partition Problem:,,03-Nov-23,,04-Nov-23,,11-Nov-23,,26-Nov-23,,26-Dec-23,
Searching & Sorting,ROTI-Prata SPOJ,,03-Nov-23,,04-Nov-23,,11-Nov-23,,26-Nov-23,,26-Dec-23,
Searching & Sorting,DoubleHelix SPOJ,,04-Nov-23,,05-Nov-23,,12-Nov-23,,27-Nov-23,,27-Dec-23,
Searching & Sorting,Subset Sums,,04-Nov-23,,05-Nov-23,,12-Nov-23,,27-Nov-23,,27-Dec-23,
Searching & Sorting,Findthe inversion count,,05-Nov-23,,06-Nov-23,,13-Nov-23,,28-Nov-23,,28-Dec-23,
Searching & Sorting,Implement Merge-sort in-place,,05-Nov-23,,06-Nov-23,,13-Nov-23,,28-Nov-23,,28-Dec-23,
Searching & Sorting,Partitioning and Sorting Arrays with Many Repeated Entries,,06-Nov-23,,07-Nov-23,,14-Nov-23,,29-Nov-23,,29-Dec-23,
LinkedList,Write a Program to reverse the Linked List. (Both Iterative and recursive),,06-Nov-23,,07-Nov-23,,14-Nov-23,,29-Nov-23,,29-Dec-23,
LinkedList,Reverse a Linked List in group of Given Size. [Very Imp],,07-Nov-23,,08-Nov-23,,15-Nov-23,,30-Nov-23,,30-Dec-23,
LinkedList,Write a program to Detect loop in a linked list.,,07-Nov-23,,08-Nov-23,,15-Nov-23,,30-Nov-23,,30-Dec-23,
LinkedList,Write a program to Delete loop in a linked list.,,08-Nov-23,,09-Nov-23,,16-Nov-23,,01-Dec-23,,31-Dec-23,
LinkedList,Find the starting point of the loop. ,,08-Nov-23,,09-Nov-23,,16-Nov-23,,01-Dec-23,,31-Dec-23,
LinkedList,Remove Duplicates in a sorted Linked List.,,09-Nov-23,,10-Nov-23,,17-Nov-23,,02-Dec-23,,01-Jan-24,
LinkedList,Remove Duplicates in a Un-sorted Linked List.,,09-Nov-23,,10-Nov-23,,17-Nov-23,,02-Dec-23,,01-Jan-24,
LinkedList,Write a Program to Move the last element to Front in a Linked List.,,10-Nov-23,,11-Nov-23,,18-Nov-23,,03-Dec-23,,02-Jan-24,
LinkedList,Add “1” to a number represented as a Linked List.,,10-Nov-23,,11-Nov-23,,18-Nov-23,,03-Dec-23,,02-Jan-24,
LinkedList,Add two numbers represented by linked lists.,,11-Nov-23,,12-Nov-23,,19-Nov-23,,04-Dec-23,,03-Jan-24,
LinkedList,Intersection of two Sorted Linked List.,,11-Nov-23,,12-Nov-23,,19-Nov-23,,04-Dec-23,,03-Jan-24,
LinkedList,Intersection Point of two Linked Lists.,,12-Nov-23,,13-Nov-23,,20-Nov-23,,05-Dec-23,,04-Jan-24,
LinkedList,Merge Sort For Linked lists.[Very Important],,12-Nov-23,,13-Nov-23,,20-Nov-23,,05-Dec-23,,04-Jan-24,
LinkedList,Quicksort for Linked Lists.[Very Important],,13-Nov-23,,14-Nov-23,,21-Nov-23,,06-Dec-23,,05-Jan-24,
LinkedList,Find the middle Element of a linked list.,,13-Nov-23,,14-Nov-23,,21-Nov-23,,06-Dec-23,,05-Jan-24,
LinkedList,Check if a linked list is a circular linked list.,,14-Nov-23,,15-Nov-23,,22-Nov-23,,07-Dec-23,,06-Jan-24,
LinkedList,Split a Circular linked list into two halves.,,14-Nov-23,,15-Nov-23,,22-Nov-23,,07-Dec-23,,06-Jan-24,
LinkedList,Write a Program to check whether the Singly Linked list is a palindrome or not.,,15-Nov-23,,16-Nov-23,,23-Nov-23,,08-Dec-23,,07-Jan-24,
LinkedList,Deletion from a Circular Linked List.,,15-Nov-23,,16-Nov-23,,23-Nov-23,,08-Dec-23,,07-Jan-24,
LinkedList,Reverse a Doubly Linked list.,,16-Nov-23,,17-Nov-23,,24-Nov-23,,09-Dec-23,,08-Jan-24,
LinkedList,Find pairs with a given sum in a DLL.,,16-Nov-23,,17-Nov-23,,24-Nov-23,,09-Dec-23,,08-Jan-24,
LinkedList,Count triplets in a sorted DLL whose sum is equal to given value “X”.,,17-Nov-23,,18-Nov-23,,25-Nov-23,,10-Dec-23,,09-Jan-24,
LinkedList,Sort a “k”sorted Doubly Linked list.[Very IMP],,17-Nov-23,,18-Nov-23,,25-Nov-23,,10-Dec-23,,09-Jan-24,
LinkedList,Rotate DoublyLinked list by N nodes.,,18-Nov-23,,19-Nov-23,,26-Nov-23,,11-Dec-23,,10-Jan-24,
LinkedList,Rotate a Doubly Linked list in group of Given Size.[Very IMP],,18-Nov-23,,19-Nov-23,,26-Nov-23,,11-Dec-23,,10-Jan-24,
LinkedList,Can we reverse a linked list in less than O(n) ?,,19-Nov-23,,20-Nov-23,,27-Nov-23,,12-Dec-23,,11-Jan-24,
LinkedList,Why Quicksort is preferred for. Arrays and Merge Sort for LinkedLists ?,,19-Nov-23,,20-Nov-23,,27-Nov-23,,12-Dec-23,,11-Jan-24,
LinkedList,Flatten a Linked List,,20-Nov-23,,21-Nov-23,,28-Nov-23,,13-Dec-23,,12-Jan-24,
LinkedList,"Sort a LL of 0's, 1's and 2's",,20-Nov-23,,21-Nov-23,,28-Nov-23,,13-Dec-23,,12-Jan-24,
LinkedList,Clone a linked list with next and random pointer,,21-Nov-23,,22-Nov-23,,29-Nov-23,,14-Dec-23,,13-Jan-24,
LinkedList,Merge K sorted Linked list,,21-Nov-23,,22-Nov-23,,29-Nov-23,,14-Dec-23,,13-Jan-24,
LinkedList,Multiply 2 no. represented by LL,,22-Nov-23,,23-Nov-23,,30-Nov-23,,15-Dec-23,,14-Jan-24,
LinkedList,Delete nodes which have a greater value on right side,,22-Nov-23,,23-Nov-23,,30-Nov-23,,15-Dec-23,,14-Jan-24,
LinkedList,Segregate even and odd nodes in a Linked List,,23-Nov-23,,24-Nov-23,,01-Dec-23,,16-Dec-23,,15-Jan-24,
LinkedList,Program for n’th node from the end of a Linked List,,23-Nov-23,,24-Nov-23,,01-Dec-23,,16-Dec-23,,15-Jan-24,
LinkedList,Find the first non-repeating character from a stream of characters,,24-Nov-23,,25-Nov-23,,02-Dec-23,,17-Dec-23,,16-Jan-24,
Binary Trees,level order traversal,,24-Nov-23,,25-Nov-23,,02-Dec-23,,17-Dec-23,,16-Jan-24,
Binary Trees,Reverse Level Order traversal,,25-Nov-23,,26-Nov-23,,03-Dec-23,,18-Dec-23,,17-Jan-24,
Binary Trees,Height of a tree,,25-Nov-23,,26-Nov-23,,03-Dec-23,,18-Dec-23,,17-Jan-24,
Binary Trees,Diameter of a tree,,26-Nov-23,,27-Nov-23,,04-Dec-23,,19-Dec-23,,18-Jan-24,
Binary Trees,Mirror of a tree,,26-Nov-23,,27-Nov-23,,04-Dec-23,,19-Dec-23,,18-Jan-24,
Binary Trees,Inorder Traversal of a tree both using recursion and Iteration,,27-Nov-23,,28-Nov-23,,05-Dec-23,,20-Dec-23,,19-Jan-24,
Binary Trees,Preorder Traversal of a tree both using recursion and Iteration,,27-Nov-23,,28-Nov-23,,05-Dec-23,,20-Dec-23,,19-Jan-24,
Binary Trees,Postorder Traversal of a tree both using recursion and Iteration,,28-Nov-23,,29-Nov-23,,06-Dec-23,,21-Dec-23,,20-Jan-24,
Binary Trees,Left View of a tree,,28-Nov-23,,29-Nov-23,,06-Dec-23,,21-Dec-23,,20-Jan-24,
Binary Trees,Right View of Tree,,29-Nov-23,,30-Nov-23,,07-Dec-23,,22-Dec-23,,21-Jan-24,
Binary Trees,Top View of a tree,,29-Nov-23,,30-Nov-23,,07-Dec-23,,22-Dec-23,,21-Jan-24,
Binary Trees,Bottom View of a tree,,30-Nov-23,,01-Dec-23,,08-Dec-23,,23-Dec-23,,22-Jan-24,
Binary Trees,Zig-Zag traversal of a binary tree,,30-Nov-23,,01-Dec-23,,08-Dec-23,,23-Dec-23,,22-Jan-24,
Binary Trees,Check if a tree is balanced or not,,01-Dec-23,,02-Dec-23,,09-Dec-23,,24-Dec-23,,23-Jan-24,
Binary Trees,Diagnol Traversal of a Binary tree,,01-Dec-23,,02-Dec-23,,09-Dec-23,,24-Dec-23,,23-Jan-24,
Binary Trees,Boundary traversal of a Binary tree,,02-Dec-23,,03-Dec-23,,10-Dec-23,,25-Dec-23,,24-Jan-24,
Binary Trees,Construct Binary Tree from String with Bracket Representation,,02-Dec-23,,03-Dec-23,,10-Dec-23,,25-Dec-23,,24-Jan-24,
Binary Trees,Convert Binary tree into Doubly Linked List,,03-Dec-23,,04-Dec-23,,11-Dec-23,,26-Dec-23,,25-Jan-24,
Binary Trees,Convert Binary tree into Sum tree,,03-Dec-23,,04-Dec-23,,11-Dec-23,,26-Dec-23,,25-Jan-24,
Binary Trees,Construct Binary tree from Inorder and preorder traversal,,04-Dec-23,,05-Dec-23,,12-Dec-23,,27-Dec-23,,26-Jan-24,
Binary Trees,Find minimum swaps required to convert a Binary tree into BST,,04-Dec-23,,05-Dec-23,,12-Dec-23,,27-Dec-23,,26-Jan-24,
Binary Trees,Check if Binary tree is Sum tree or not,,05-Dec-23,,06-Dec-23,,13-Dec-23,,28-Dec-23,,27-Jan-24,
Binary Trees,Check if all leaf nodes are at same level or not,,05-Dec-23,,06-Dec-23,,13-Dec-23,,28-Dec-23,,27-Jan-24,
Binary Trees,Check if a Binary Tree contains duplicate subtrees of size 2 or more [ IMP ],,06-Dec-23,,07-Dec-23,,14-Dec-23,,29-Dec-23,,28-Jan-24,
Binary Trees,Check if 2 trees are mirror or not,,06-Dec-23,,07-Dec-23,,14-Dec-23,,29-Dec-23,,28-Jan-24,
Binary Trees,Sum of Nodes on the Longest path from root to leaf node ,,07-Dec-23,,08-Dec-23,,15-Dec-23,,30-Dec-23,,29-Jan-24,
Binary Trees,Check if given graph is tree or not.  [ IMP ],,07-Dec-23,,08-Dec-23,,15-Dec-23,,30-Dec-23,,29-Jan-24,
Binary Trees,Find Largest subtree sum in a tree,,08-Dec-23,,09-Dec-23,,16-Dec-23,,31-Dec-23,,30-Jan-24,
Binary Trees,Maximum Sum of nodes in Binary tree such that no two are adjacent ,,08-Dec-23,,09-Dec-23,,16-Dec-23,,31-Dec-23,,30-Jan-24,
Binary Trees,"Print all ""K"" Sum paths in a Binary tree",,09-Dec-23,,10-Dec-23,,17-Dec-23,,01-Jan-24,,31-Jan-24,
Binary Trees,Find LCA in a Binary tree,,09-Dec-23,,10-Dec-23,,17-Dec-23,,01-Jan-24,,31-Jan-24,
Binary Trees,Find distance between 2 nodes in a Binary tree,,10-Dec-23,,11-Dec-23,,18-Dec-23,,02-Jan-24,,01-Feb-24,
Binary Trees,Kth Ancestor of node in a Binary tree,,10-Dec-23,,11-Dec-23,,18-Dec-23,,02-Jan-24,,01-Feb-24,
Binary Trees,Find all Duplicate subtrees in a Binary tree [ IMP ],,11-Dec-23,,12-Dec-23,,19-Dec-23,,03-Jan-24,,02-Feb-24,
Binary Trees,Tree Isomorphism Problem,,11-Dec-23,,12-Dec-23,,19-Dec-23,,03-Jan-24,,02-Feb-24,
Binary Search Trees,Fina a value in a BST,,12-Dec-23,,13-Dec-23,,20-Dec-23,,04-Jan-24,,03-Feb-24,
Binary Search Trees,Deletion of a node in a BST,,12-Dec-23,,13-Dec-23,,20-Dec-23,,04-Jan-24,,03-Feb-24,
Binary Search Trees,Find min and max value in a BST,,13-Dec-23,,14-Dec-23,,21-Dec-23,,05-Jan-24,,04-Feb-24,
Binary Search Trees,Find inorder successor and inorder predecessor in a BST,,13-Dec-23,,14-Dec-23,,21-Dec-23,,05-Jan-24,,04-Feb-24,
Binary Search Trees,Check if a tree is a BST or not ,,14-Dec-23,,15-Dec-23,,22-Dec-23,,06-Jan-24,,05-Feb-24,
Binary Search Trees,Populate Inorder successor of all nodes,,14-Dec-23,,15-Dec-23,,22-Dec-23,,06-Jan-24,,05-Feb-24,
Binary Search Trees,Find LCA  of 2 nodes in a BST,,15-Dec-23,,16-Dec-23,,23-Dec-23,,07-Jan-24,,06-Feb-24,
Binary Search Trees,Construct BST from preorder traversal,,15-Dec-23,,16-Dec-23,,23-Dec-23,,07-Jan-24,,06-Feb-24,
Binary Search Trees,Convert Binary tree into BST,,16-Dec-23,,17-Dec-23,,24-Dec-23,,08-Jan-24,,07-Feb-24,
Binary Search Trees,Convert a normal BST into a Balanced BST,,16-Dec-23,,17-Dec-23,,24-Dec-23,,08-Jan-24,,07-Feb-24,
Binary Search Trees,Merge two BST [ V.V.V>IMP ],,17-Dec-23,,18-Dec-23,,25-Dec-23,,09-Jan-24,,08-Feb-24,
Binary Search Trees,Find Kth largest element in a BST,,17-Dec-23,,18-Dec-23,,25-Dec-23,,09-Jan-24,,08-Feb-24,
Binary Search Trees,Find Kth smallest element in a BST,,18-Dec-23,,19-Dec-23,,26-Dec-23,,10-Jan-24,,09-Feb-24,
Binary Search Trees,"Count pairs from 2 BST whose sum is equal to given value ""X""",,18-Dec-23,,19-Dec-23,,26-Dec-23,,10-Jan-24,,09-Feb-24,
Binary Search Trees,Find the median of BST in O(n) time and O(1) space,,19-Dec-23,,20-Dec-23,,27-Dec-23,,11-Jan-24,,10-Feb-24,
Binary Search Trees,Count BST ndoes that lie in a given range,,19-Dec-23,,20-Dec-23,,27-Dec-23,,11-Jan-24,,10-Feb-24,
Binary Search Trees,Replace every element with the least greater element on its right,,20-Dec-23,,21-Dec-23,,28-Dec-23,,12-Jan-24,,11-Feb-24,
Binary Search Trees,"Given ""n"" appointments, find the conflicting appointments",,20-Dec-23,,21-Dec-23,,28-Dec-23,,12-Jan-24,,11-Feb-24,
Binary Search Trees,Check preorder is valid or not,,21-Dec-23,,22-Dec-23,,29-Dec-23,,13-Jan-24,,12-Feb-24,
Binary Search Trees,Check whether BST contains Dead end,,21-Dec-23,,22-Dec-23,,29-Dec-23,,13-Jan-24,,12-Feb-24,
Binary Search Trees,Largest BST in a Binary Tree [ V.V.V.V.V IMP ],,22-Dec-23,,23-Dec-23,,30-Dec-23,,14-Jan-24,,13-Feb-24,
Binary Search Trees,Flatten BST to sorted list,,22-Dec-23,,23-Dec-23,,30-Dec-23,,14-Jan-24,,13-Feb-24,
Greedy,Activity Selection Problem,,23-Dec-23,,24-Dec-23,,31-Dec-23,,15-Jan-24,,14-Feb-24,
Greedy,Job SequencingProblem,,23-Dec-23,,24-Dec-23,,31-Dec-23,,15-Jan-24,,14-Feb-24,
Greedy,Huffman Coding,,24-Dec-23,,25-Dec-23,,01-Jan-24,,16-Jan-24,,15-Feb-24,
Greedy,Water Connection Problem,,24-Dec-23,,25-Dec-23,,01-Jan-24,,16-Jan-24,,15-Feb-24,
Greedy,Fractional Knapsack Problem,,25-Dec-23,,26-Dec-23,,02-Jan-24,,17-Jan-24,,16-Feb-24,
Greedy,Greedy Algorithm to find Minimum number of Coins,,25-Dec-23,,26-Dec-23,,02-Jan-24,,17-Jan-24,,16-Feb-24,
Greedy,Maximum trains for which stoppage can be provided,,26-Dec-23,,27-Dec-23,,03-Jan-24,,18-Jan-24,,17-Feb-24,
Greedy,Minimum Platforms Problem,,26-Dec-23,,27-Dec-23,,03-Jan-24,,18-Jan-24,,17-Feb-24,
Greedy,Buy Maximum Stocks if i stocks can be bought on i-th day,,27-Dec-23,,28-Dec-23,,04-Jan-24,,19-Jan-24,,18-Feb-24,
Greedy,Find the minimum and maximum amount to buy all N candies,,27-Dec-23,,28-Dec-23,,04-Jan-24,,19-Jan-24,,18-Feb-24,
Greedy,Minimize Cash Flow among a given set of friends who have borrowed money from each other,,28-Dec-23,,29-Dec-23,,05-Jan-24,,20-Jan-24,,19-Feb-24,
Greedy,Minimum Cost to cut a board into squares,,28-Dec-23,,29-Dec-23,,05-Jan-24,,20-Jan-24,,19-Feb-24,
Greedy,Check if it is possible to survive on Island,,29-Dec-23,,30-Dec-23,,06-Jan-24,,21-Jan-24,,20-Feb-24,
Greedy,Find maximum meetings in one room,,29-Dec-23,,30-Dec-23,,06-Jan-24,,21-Jan-24,,20-Feb-24,
Greedy,Maximum product subset of an array,,30-Dec-23,,31-Dec-23,,07-Jan-24,,22-Jan-24,,21-Feb-24,
Greedy,Maximize array sum after K negations,,30-Dec-23,,31-Dec-23,,07-Jan-24,,22-Jan-24,,21-Feb-24,
Greedy,Maximize the sum of arr[i]*i,,31-Dec-23,,01-Jan-24,,08-Jan-24,,23-Jan-24,,22-Feb-24,
Greedy,Maximum sum of absolute difference of an array,,31-Dec-23,,01-Jan-24,,08-Jan-24,,23-Jan-24,,22-Feb-24,
Greedy,Maximize sum of consecutive differences in a circular array,,01-Jan-24,,02-Jan-24,,09-Jan-24,,24-Jan-24,,23-Feb-24,
Greedy,Minimum sum of absolute difference of pairs of two arrays,,01-Jan-24,,02-Jan-24,,09-Jan-24,,24-Jan-24,,23-Feb-24,
Greedy,Program for Shortest Job First (or SJF) CPU Scheduling,,02-Jan-24,,03-Jan-24,,10-Jan-24,,25-Jan-24,,24-Feb-24,
Greedy,Program for Least Recently Used (LRU) Page Replacement algorithm,,02-Jan-24,,03-Jan-24,,10-Jan-24,,25-Jan-24,,24-Feb-24,
Greedy,Smallest subset with sum greater than all other elements,,03-Jan-24,,04-Jan-24,,11-Jan-24,,26-Jan-24,,25-Feb-24,
Greedy,Chocolate Distribution Problem,,03-Jan-24,,04-Jan-24,,11-Jan-24,,26-Jan-24,,25-Feb-24,
Greedy,DEFKIN -Defense of a Kingdom,,04-Jan-24,,05-Jan-24,,12-Jan-24,,27-Jan-24,,26-Feb-24,
Greedy,DIEHARD -DIE HARD,,04-Jan-24,,05-Jan-24,,12-Jan-24,,27-Jan-24,,26-Feb-24,
Greedy,GERGOVIA -Wine trading in Gergovia,,05-Jan-24,,06-Jan-24,,13-Jan-24,,28-Jan-24,,27-Feb-24,
Greedy,Picking Up Chicks,,05-Jan-24,,06-Jan-24,,13-Jan-24,,28-Jan-24,,27-Feb-24,
Greedy,CHOCOLA –Chocolate,,06-Jan-24,,07-Jan-24,,14-Jan-24,,29-Jan-24,,28-Feb-24,
Greedy,ARRANGE -Arranging Amplifiers,,06-Jan-24,,07-Jan-24,,14-Jan-24,,29-Jan-24,,28-Feb-24,
Greedy,K Centers Problem,,07-Jan-24,,08-Jan-24,,15-Jan-24,,30-Jan-24,,29-Feb-24,
Greedy,Minimum Cost of ropes,,07-Jan-24,,08-Jan-24,,15-Jan-24,,30-Jan-24,,29-Feb-24,
Greedy,Find smallest number with given number of digits and sum of digits,,08-Jan-24,,09-Jan-24,,16-Jan-24,,31-Jan-24,,01-Mar-24,
Greedy,Rearrange characters in a string such that no two adjacent are same,,08-Jan-24,,09-Jan-24,,16-Jan-24,,31-Jan-24,,01-Mar-24,
Greedy,Find maximum sum possible equal sum of three stacks,,09-Jan-24,,10-Jan-24,,17-Jan-24,,01-Feb-24,,02-Mar-24,
BackTracking,Rat in a maze Problem,,09-Jan-24,,10-Jan-24,,17-Jan-24,,01-Feb-24,,02-Mar-24,
BackTracking,Printing all solutions in N-Queen Problem,,10-Jan-24,,11-Jan-24,,18-Jan-24,,02-Feb-24,,03-Mar-24,
BackTracking,Word Break Problem using Backtracking,,10-Jan-24,,11-Jan-24,,18-Jan-24,,02-Feb-24,,03-Mar-24,
BackTracking,Remove Invalid Parentheses,,11-Jan-24,,12-Jan-24,,19-Jan-24,,03-Feb-24,,04-Mar-24,
BackTracking,Sudoku Solver,,11-Jan-24,,12-Jan-24,,19-Jan-24,,03-Feb-24,,04-Mar-24,
BackTracking,m Coloring Problem,,12-Jan-24,,13-Jan-24,,20-Jan-24,,04-Feb-24,,05-Mar-24,
BackTracking,Print all palindromic partitions of a string,,12-Jan-24,,13-Jan-24,,20-Jan-24,,04-Feb-24,,05-Mar-24,
BackTracking,Subset Sum Problem,,13-Jan-24,,14-Jan-24,,21-Jan-24,,05-Feb-24,,06-Mar-24,
BackTracking,The Knight’s tour problem,,13-Jan-24,,14-Jan-24,,21-Jan-24,,05-Feb-24,,06-Mar-24,
BackTracking,Tug of War,,14-Jan-24,,15-Jan-24,,22-Jan-24,,06-Feb-24,,07-Mar-24,
BackTracking,Find shortest safe route in a path with landmines,,14-Jan-24,,15-Jan-24,,22-Jan-24,,06-Feb-24,,07-Mar-24,
BackTracking,Combinational Sum,,15-Jan-24,,16-Jan-24,,23-Jan-24,,07-Feb-24,,08-Mar-24,
BackTracking,Find Maximum number possible by doing at-most K swaps,,15-Jan-24,,16-Jan-24,,23-Jan-24,,07-Feb-24,,08-Mar-24,
BackTracking,Print all permutations of a string ,,16-Jan-24,,17-Jan-24,,24-Jan-24,,08-Feb-24,,09-Mar-24,
BackTracking,Find if there is a path of more than k length from a source,,16-Jan-24,,17-Jan-24,,24-Jan-24,,08-Feb-24,,09-Mar-24,
BackTracking,Longest Possible Route in a Matrix with Hurdles,,17-Jan-24,,18-Jan-24,,25-Jan-24,,09-Feb-24,,10-Mar-24,
BackTracking,Print all possible paths from top left to bottom right of a mXn matrix,,17-Jan-24,,18-Jan-24,,25-Jan-24,,09-Feb-24,,10-Mar-24,
BackTracking,Partition of a set intoK subsets with equal sum,,18-Jan-24,,19-Jan-24,,26-Jan-24,,10-Feb-24,,11-Mar-24,
BackTracking,Find the K-th Permutation Sequence of first N natural numbers,,18-Jan-24,,19-Jan-24,,26-Jan-24,,10-Feb-24,,11-Mar-24,
Stacks & Queues, Implement Stack from Scratch,,19-Jan-24,,20-Jan-24,,27-Jan-24,,11-Feb-24,,12-Mar-24,
Stacks & Queues, Implement Queue from Scratch,,19-Jan-24,,20-Jan-24,,27-Jan-24,,11-Feb-24,,12-Mar-24,
Stacks & Queues,Implement 2 stack in an array,,20-Jan-24,,21-Jan-24,,28-Jan-24,,12-Feb-24,,13-Mar-24,
Stacks & Queues,find the middle element of a stack,,20-Jan-24,,21-Jan-24,,28-Jan-24,,12-Feb-24,,13-Mar-24,
Stacks & Queues,"Implement ""N"" stacks in an Array",,21-Jan-24,,22-Jan-24,,29-Jan-24,,13-Feb-24,,14-Mar-24,
Stacks & Queues,Check the expression has valid or Balanced parenthesis or not.,,21-Jan-24,,22-Jan-24,,29-Jan-24,,13-Feb-24,,14-Mar-24,
Stacks & Queues,Reverse a String using Stack,,22-Jan-24,,23-Jan-24,,30-Jan-24,,14-Feb-24,,15-Mar-24,
Stacks & Queues,Design a Stack that supports getMin() in O(1) time and O(1) extra space.,,22-Jan-24,,23-Jan-24,,30-Jan-24,,14-Feb-24,,15-Mar-24,
Stacks & Queues,Find the next Greater element,,23-Jan-24,,24-Jan-24,,31-Jan-24,,15-Feb-24,,16-Mar-24,
Stacks & Queues,The celebrity Problem,,23-Jan-24,,24-Jan-24,,31-Jan-24,,15-Feb-24,,16-Mar-24,
Stacks & Queues,Arithmetic Expression evaluation,,24-Jan-24,,25-Jan-24,,01-Feb-24,,16-Feb-24,,17-Mar-24,
Stacks & Queues,Evaluation of Postfix expression,,24-Jan-24,,25-Jan-24,,01-Feb-24,,16-Feb-24,,17-Mar-24,
Stacks & Queues,Implement a method to insert an element at its bottom without using any other data structure.,,25-Jan-24,,26-Jan-24,,02-Feb-24,,17-Feb-24,,18-Mar-24,
Stacks & Queues,Reverse a stack using recursion,,25-Jan-24,,26-Jan-24,,02-Feb-24,,17-Feb-24,,18-Mar-24,
Stacks & Queues,Sort a Stack using recursion,,26-Jan-24,,27-Jan-24,,03-Feb-24,,18-Feb-24,,19-Mar-24,
Stacks & Queues,Merge Overlapping Intervals,,26-Jan-24,,27-Jan-24,,03-Feb-24,,18-Feb-24,,19-Mar-24,
Stacks & Queues,Largest rectangular Area in Histogram,,27-Jan-24,,28-Jan-24,,04-Feb-24,,19-Feb-24,,20-Mar-24,
Stacks & Queues,Length of the Longest Valid Substring,,27-Jan-24,,28-Jan-24,,04-Feb-24,,19-Feb-24,,20-Mar-24,
Stacks & Queues,Expression contains redundant bracket or not,,28-Jan-24,,29-Jan-24,,05-Feb-24,,20-Feb-24,,21-Mar-24,
Stacks & Queues,Implement Stack using Queue,,28-Jan-24,,29-Jan-24,,05-Feb-24,,20-Feb-24,,21-Mar-24,
Stacks & Queues,Implement Stack using Deque,,29-Jan-24,,30-Jan-24,,06-Feb-24,,21-Feb-24,,22-Mar-24,
Stacks & Queues,Stack Permutations (Check if an array is stack permutation of other),,29-Jan-24,,30-Jan-24,,06-Feb-24,,21-Feb-24,,22-Mar-24,
Stacks & Queues,Implement Queue using Stack  ,,30-Jan-24,,31-Jan-24,,07-Feb-24,,22-Feb-24,,23-Mar-24,
Stacks & Queues,"Implement ""n"" queue in an array",,30-Jan-24,,31-Jan-24,,07-Feb-24,,22-Feb-24,,23-Mar-24,
Stacks & Queues,Implement a Circular queue,,31-Jan-24,,01-Feb-24,,08-Feb-24,,23-Feb-24,,24-Mar-24,
Stacks & Queues,LRU Cache Implementationa,,31-Jan-24,,01-Feb-24,,08-Feb-24,,23-Feb-24,,24-Mar-24,
Stacks & Queues,Reverse a Queue using recursion,,01-Feb-24,,02-Feb-24,,09-Feb-24,,24-Feb-24,,25-Mar-24,
Stacks & Queues,Reverse the first “K” elements of a queue,,01-Feb-24,,02-Feb-24,,09-Feb-24,,24-Feb-24,,25-Mar-24,
Stacks & Queues,Interleave the first half of the queue with second half,,02-Feb-24,,03-Feb-24,,10-Feb-24,,25-Feb-24,,26-Mar-24,
Stacks & Queues,Find the first circular tour that visits all Petrol Pumps,,02-Feb-24,,03-Feb-24,,10-Feb-24,,25-Feb-24,,26-Mar-24,
Stacks & Queues,Minimum time required to rot all oranges,,03-Feb-24,,04-Feb-24,,11-Feb-24,,26-Feb-24,,27-Mar-24,
Stacks & Queues,Distance of nearest cell having 1 in a binary matrix,,03-Feb-24,,04-Feb-24,,11-Feb-24,,26-Feb-24,,27-Mar-24,
Stacks & Queues,First negative integer in every window of size “k”,,04-Feb-24,,05-Feb-24,,12-Feb-24,,27-Feb-24,,28-Mar-24,
Stacks & Queues,Check if all levels of two trees are anagrams or not.,,04-Feb-24,,05-Feb-24,,12-Feb-24,,27-Feb-24,,28-Mar-24,
Stacks & Queues,Sum of minimum and maximum elements of all subarrays of size “k”.,,05-Feb-24,,06-Feb-24,,13-Feb-24,,28-Feb-24,,29-Mar-24,
Stacks & Queues,Minimum sum of squares of character counts in a given string after removing “k” characters.,,05-Feb-24,,06-Feb-24,,13-Feb-24,,28-Feb-24,,29-Mar-24,
Stacks & Queues,Queue based approach or first non-repeating character in a stream.,,06-Feb-24,,07-Feb-24,,14-Feb-24,,29-Feb-24,,30-Mar-24,
Stacks & Queues,Next Smaller Element,,06-Feb-24,,07-Feb-24,,14-Feb-24,,29-Feb-24,,30-Mar-24,
Heap,Implement a Maxheap/MinHeap using arrays and recursion.,,07-Feb-24,,08-Feb-24,,15-Feb-24,,01-Mar-24,,31-Mar-24,
Heap,Sort an Array using heap. (HeapSort),,07-Feb-24,,08-Feb-24,,15-Feb-24,,01-Mar-24,,31-Mar-24,
Heap,Maximum of all subarrays of size k.,,08-Feb-24,,09-Feb-24,,16-Feb-24,,02-Mar-24,,01-Apr-24,
Heap,“k” largest element in an array,,08-Feb-24,,09-Feb-24,,16-Feb-24,,02-Mar-24,,01-Apr-24,
Heap,Kth smallest and largest element in an unsorted array,,09-Feb-24,,10-Feb-24,,17-Feb-24,,03-Mar-24,,02-Apr-24,
Heap,Merge “K” sorted arrays. [ IMP ],,09-Feb-24,,10-Feb-24,,17-Feb-24,,03-Mar-24,,02-Apr-24,
Heap,Merge 2 Binary Max Heaps,,10-Feb-24,,11-Feb-24,,18-Feb-24,,04-Mar-24,,03-Apr-24,
Heap,Kth largest sum continuous subarrays,,10-Feb-24,,11-Feb-24,,18-Feb-24,,04-Mar-24,,03-Apr-24,
Heap,Leetcode- reorganize strings,,11-Feb-24,,12-Feb-24,,19-Feb-24,,05-Mar-24,,04-Apr-24,
Heap,Merge “K” Sorted Linked Lists [V.IMP],,11-Feb-24,,12-Feb-24,,19-Feb-24,,05-Mar-24,,04-Apr-24,
Heap,Smallest range in “K” Lists,,12-Feb-24,,13-Feb-24,,20-Feb-24,,06-Mar-24,,05-Apr-24,
Heap,Median in a stream of Integers,,12-Feb-24,,13-Feb-24,,20-Feb-24,,06-Mar-24,,05-Apr-24,
Heap,Check if a Binary Tree is Heap,,13-Feb-24,,14-Feb-24,,21-Feb-24,,07-Mar-24,,06-Apr-24,
Heap,Connect “n” ropes with minimum cost,,13-Feb-24,,14-Feb-24,,21-Feb-24,,07-Mar-24,,06-Apr-24,
Heap,Convert BST to Min Heap,,14-Feb-24,,15-Feb-24,,22-Feb-24,,08-Mar-24,,07-Apr-24,
Heap,Convert min heap to max heap,,14-Feb-24,,15-Feb-24,,22-Feb-24,,08-Mar-24,,07-Apr-24,
Heap,Rearrange characters in a string such that no two adjacent are same.,,15-Feb-24,,16-Feb-24,,23-Feb-24,,09-Mar-24,,08-Apr-24,
Heap,Minimum sum of two numbers formed from digits of an array,,15-Feb-24,,16-Feb-24,,23-Feb-24,,09-Mar-24,,08-Apr-24,
Graph,"Create a Graph, print it",,16-Feb-24,,17-Feb-24,,24-Feb-24,,10-Mar-24,,09-Apr-24,
Graph,Implement BFS algorithm ,,16-Feb-24,,17-Feb-24,,24-Feb-24,,10-Mar-24,,09-Apr-24,
Graph,Implement DFS Algo ,,17-Feb-24,,18-Feb-24,,25-Feb-24,,11-Mar-24,,10-Apr-24,
Graph,Detect Cycle in Directed Graph using BFS/DFS Algo ,,17-Feb-24,,18-Feb-24,,25-Feb-24,,11-Mar-24,,10-Apr-24,
Graph,Detect Cycle in UnDirected Graph using BFS/DFS Algo ,,18-Feb-24,,19-Feb-24,,26-Feb-24,,12-Mar-24,,11-Apr-24,
Graph,Search in a Maze,,18-Feb-24,,19-Feb-24,,26-Feb-24,,12-Mar-24,,11-Apr-24,
Graph,Minimum Step by Knight,,19-Feb-24,,20-Feb-24,,27-Feb-24,,13-Mar-24,,12-Apr-24,
Graph,flood fill algo,,19-Feb-24,,20-Feb-24,,27-Feb-24,,13-Mar-24,,12-Apr-24,
Graph,Clone a graph,,20-Feb-24,,21-Feb-24,,28-Feb-24,,14-Mar-24,,13-Apr-24,
Graph,Making wired Connections,,20-Feb-24,,21-Feb-24,,28-Feb-24,,14-Mar-24,,13-Apr-24,
Graph,word Ladder ,,21-Feb-24,,22-Feb-24,,29-Feb-24,,15-Mar-24,,14-Apr-24,
Graph,Dijkstra algo,,21-Feb-24,,22-Feb-24,,29-Feb-24,,15-Mar-24,,14-Apr-24,
Graph,Implement Topological Sort ,,22-Feb-24,,23-Feb-24,,01-Mar-24,,16-Mar-24,,15-Apr-24,
Graph,Minimum time taken by each job to be completed given by a Directed Acyclic Graph,,22-Feb-24,,23-Feb-24,,01-Mar-24,,16-Mar-24,,15-Apr-24,
Graph,Find whether it is possible to finish all tasks or not from given dependencies,,23-Feb-24,,24-Feb-24,,02-Mar-24,,17-Mar-24,,16-Apr-24,
Graph,Find the no. of Isalnds,,23-Feb-24,,24-Feb-24,,02-Mar-24,,17-Mar-24,,16-Apr-24,
Graph,"Given a sorted Dictionary of an Alien Language, find order of characters",,24-Feb-24,,25-Feb-24,,03-Mar-24,,18-Mar-24,,17-Apr-24,
Graph,Implement Kruksal’sAlgorithm,,24-Feb-24,,25-Feb-24,,03-Mar-24,,18-Mar-24,,17-Apr-24,
Graph,Implement Prim’s Algorithm,,25-Feb-24,,26-Feb-24,,04-Mar-24,,19-Mar-24,,18-Apr-24,
Graph,Total no. of Spanning tree in a graph,,25-Feb-24,,26-Feb-24,,04-Mar-24,,19-Mar-24,,18-Apr-24,
Graph,Implement Bellman Ford Algorithm,,26-Feb-24,,27-Feb-24,,05-Mar-24,,20-Mar-24,,19-Apr-24,
Graph,Implement Floyd warshallAlgorithm,,26-Feb-24,,27-Feb-24,,05-Mar-24,,20-Mar-24,,19-Apr-24,
Graph,Travelling Salesman Problem,,27-Feb-24,,28-Feb-24,,06-Mar-24,,21-Mar-24,,20-Apr-24,
Graph,Graph ColouringProblem,,27-Feb-24,,28-Feb-24,,06-Mar-24,,21-Mar-24,,20-Apr-24,
Graph,Snake and Ladders Problem,,28-Feb-24,,29-Feb-24,,07-Mar-24,,22-Mar-24,,21-Apr-24,
Graph,Find bridge in a graph,,28-Feb-24,,29-Feb-24,,07-Mar-24,,22-Mar-24,,21-Apr-24,
Graph,Count Strongly connected Components(Kosaraju Algo),,29-Feb-24,,01-Mar-24,,08-Mar-24,,23-Mar-24,,22-Apr-24,
Graph,Check whether a graph is Bipartite or Not,,29-Feb-24,,01-Mar-24,,08-Mar-24,,23-Mar-24,,22-Apr-24,
Graph,Detect Negative cycle in a graph,,01-Mar-24,,02-Mar-24,,09-Mar-24,,24-Mar-24,,23-Apr-24,
Graph,Longest path in a Directed Acyclic Graph,,01-Mar-24,,02-Mar-24,,09-Mar-24,,24-Mar-24,,23-Apr-24,
Graph,Journey to the Moon,,02-Mar-24,,03-Mar-24,,10-Mar-24,,25-Mar-24,,24-Apr-24,
Graph,Cheapest Flights Within K Stops,,02-Mar-24,,03-Mar-24,,10-Mar-24,,25-Mar-24,,24-Apr-24,
Graph,Oliver and the Game,,03-Mar-24,,04-Mar-24,,11-Mar-24,,26-Mar-24,,25-Apr-24,
Graph,Water Jug problem using BFS,,03-Mar-24,,04-Mar-24,,11-Mar-24,,26-Mar-24,,25-Apr-24,
Graph,Water Jug problem using BFS,,04-Mar-24,,05-Mar-24,,12-Mar-24,,27-Mar-24,,26-Apr-24,
Graph,Find if there is a path of more thank length from a source,,04-Mar-24,,05-Mar-24,,12-Mar-24,,27-Mar-24,,26-Apr-24,
Graph,M-ColouringProblem,,05-Mar-24,,06-Mar-24,,13-Mar-24,,28-Mar-24,,27-Apr-24,
Graph,Minimum edges to reverse o make path from source to destination,,05-Mar-24,,06-Mar-24,,13-Mar-24,,28-Mar-24,,27-Apr-24,
Graph,Paths to travel each nodes using each edge(Seven Bridges),,06-Mar-24,,07-Mar-24,,14-Mar-24,,29-Mar-24,,28-Apr-24,
Graph,Vertex Cover Problem,,06-Mar-24,,07-Mar-24,,14-Mar-24,,29-Mar-24,,28-Apr-24,
Graph,Chinese Postman or Route Inspection,,07-Mar-24,,08-Mar-24,,15-Mar-24,,30-Mar-24,,29-Apr-24,
Graph,Number of Triangles in a Directed and Undirected Graph,,07-Mar-24,,08-Mar-24,,15-Mar-24,,30-Mar-24,,29-Apr-24,
Graph,Minimise the cashflow among a given set of friends who have borrowed money from each other,,08-Mar-24,,09-Mar-24,,16-Mar-24,,31-Mar-24,,30-Apr-24,
Graph,Two Clique Problem,,08-Mar-24,,09-Mar-24,,16-Mar-24,,31-Mar-24,,30-Apr-24,
Trie,Construct a trie from scratch,,09-Mar-24,,10-Mar-24,,17-Mar-24,,01-Apr-24,,01-May-24,
Trie,Find shortest unique prefix for every word in a given list,,09-Mar-24,,10-Mar-24,,17-Mar-24,,01-Apr-24,,01-May-24,
Trie,Word Break Problem | (Trie solution),,10-Mar-24,,11-Mar-24,,18-Mar-24,,02-Apr-24,,02-May-24,
Trie,"Given a sequence of words, print all anagrams together",,10-Mar-24,,11-Mar-24,,18-Mar-24,,02-Apr-24,,02-May-24,
Trie,Implement a Phone Directory,,11-Mar-24,,12-Mar-24,,19-Mar-24,,03-Apr-24,,03-May-24,
Trie,Print unique rows in a given boolean matrix,,11-Mar-24,,12-Mar-24,,19-Mar-24,,03-Apr-24,,03-May-24,
Dynamic Programming,Coin ChangeProblem,,12-Mar-24,,13-Mar-24,,20-Mar-24,,04-Apr-24,,04-May-24,
Dynamic Programming,Knapsack Problem,,12-Mar-24,,13-Mar-24,,20-Mar-24,,04-Apr-24,,04-May-24,
Dynamic Programming,Binomial CoefficientProblem,,13-Mar-24,,14-Mar-24,,21-Mar-24,,05-Apr-24,,05-May-24,
Dynamic Programming,Permutation CoefficientProblem,,13-Mar-24,,14-Mar-24,,21-Mar-24,,05-Apr-24,,05-May-24,
Dynamic Programming,Program for nth Catalan Number,,14-Mar-24,,15-Mar-24,,22-Mar-24,,06-Apr-24,,06-May-24,
Dynamic Programming,Matrix Chain Multiplication ,,14-Mar-24,,15-Mar-24,,22-Mar-24,,06-Apr-24,,06-May-24,
Dynamic Programming,Edit Distance,,15-Mar-24,,16-Mar-24,,23-Mar-24,,07-Apr-24,,07-May-24,
Dynamic Programming,Subset Sum Problem,,15-Mar-24,,16-Mar-24,,23-Mar-24,,07-Apr-24,,07-May-24,
Dynamic Programming,Friends Pairing Problem,,16-Mar-24,,17-Mar-24,,24-Mar-24,,08-Apr-24,,08-May-24,
Dynamic Programming,Gold Mine Problem,,16-Mar-24,,17-Mar-24,,24-Mar-24,,08-Apr-24,,08-May-24,
Dynamic Programming,Assembly Line SchedulingProblem,,17-Mar-24,,18-Mar-24,,25-Mar-24,,09-Apr-24,,09-May-24,
Dynamic Programming,Painting the Fenceproblem,,17-Mar-24,,18-Mar-24,,25-Mar-24,,09-Apr-24,,09-May-24,
Dynamic Programming,Maximize The Cut Segments,,18-Mar-24,,19-Mar-24,,26-Mar-24,,10-Apr-24,,10-May-24,
Dynamic Programming,Longest Common Subsequence,,18-Mar-24,,19-Mar-24,,26-Mar-24,,10-Apr-24,,10-May-24,
Dynamic Programming,Longest Repeated Subsequence,,19-Mar-24,,20-Mar-24,,27-Mar-24,,11-Apr-24,,11-May-24,
Dynamic Programming,Longest Increasing Subsequence,,19-Mar-24,,20-Mar-24,,27-Mar-24,,11-Apr-24,,11-May-24,
Dynamic Programming,Space Optimized Solution of LCS,,20-Mar-24,,21-Mar-24,,28-Mar-24,,12-Apr-24,,12-May-24,
Dynamic Programming,LCS (Longest Common Subsequence) of three strings,,20-Mar-24,,21-Mar-24,,28-Mar-24,,12-Apr-24,,12-May-24,
Dynamic Programming,Maximum Sum Increasing Subsequence,,21-Mar-24,,22-Mar-24,,29-Mar-24,,13-Apr-24,,13-May-24,
Dynamic Programming,Count all subsequences having product less than K,,21-Mar-24,,22-Mar-24,,29-Mar-24,,13-Apr-24,,13-May-24,
Dynamic Programming,Longest subsequence such that difference between adjacent is one,,22-Mar-24,,23-Mar-24,,30-Mar-24,,14-Apr-24,,14-May-24,
Dynamic Programming,Maximum subsequence sum such that no three are consecutive,,22-Mar-24,,23-Mar-24,,30-Mar-24,,14-Apr-24,,14-May-24,
Dynamic Programming,Egg Dropping Problem,,23-Mar-24,,24-Mar-24,,31-Mar-24,,15-Apr-24,,15-May-24,
Dynamic Programming,Maximum Length Chain of Pairs,,23-Mar-24,,24-Mar-24,,31-Mar-24,,15-Apr-24,,15-May-24,
Dynamic Programming,Maximum size square sub-matrix with all 1s,,24-Mar-24,,25-Mar-24,,01-Apr-24,,16-Apr-24,,16-May-24,
Dynamic Programming,Maximum sum of pairs with specific difference,,24-Mar-24,,25-Mar-24,,01-Apr-24,,16-Apr-24,,16-May-24,
Dynamic Programming,Min Cost PathProblem,,25-Mar-24,,26-Mar-24,,02-Apr-24,,17-Apr-24,,17-May-24,
Dynamic Programming,Maximum difference of zeros and ones in binary string,,25-Mar-24,,26-Mar-24,,02-Apr-24,,17-Apr-24,,17-May-24,
Dynamic Programming,Minimum number of jumps to reach end,,26-Mar-24,,27-Mar-24,,03-Apr-24,,18-Apr-24,,18-May-24,
Dynamic Programming,Minimum cost to fill given weight in a bag,,26-Mar-24,,27-Mar-24,,03-Apr-24,,18-Apr-24,,18-May-24,
Dynamic Programming,Minimum removals from array to make max –min <= K,,27-Mar-24,,28-Mar-24,,04-Apr-24,,19-Apr-24,,19-May-24,
Dynamic Programming,Longest Common Substring,,27-Mar-24,,28-Mar-24,,04-Apr-24,,19-Apr-24,,19-May-24,
Dynamic Programming,Count number of ways to reacha given score in a game,,28-Mar-24,,29-Mar-24,,05-Apr-24,,20-Apr-24,,20-May-24,
Dynamic Programming,Count Balanced Binary Trees of Height h,,28-Mar-24,,29-Mar-24,,05-Apr-24,,20-Apr-24,,20-May-24,
Dynamic Programming,LargestSum Contiguous Subarray [V>V>V>V IMP ],,29-Mar-24,,30-Mar-24,,06-Apr-24,,21-Apr-24,,21-May-24,
Dynamic Programming,Smallest sum contiguous subarray,,29-Mar-24,,30-Mar-24,,06-Apr-24,,21-Apr-24,,21-May-24,
Dynamic Programming,Unbounded Knapsack (Repetition of items allowed),,30-Mar-24,,31-Mar-24,,07-Apr-24,,22-Apr-24,,22-May-24,
Dynamic Programming,Word Break Problem,,30-Mar-24,,31-Mar-24,,07-Apr-24,,22-Apr-24,,22-May-24,
Dynamic Programming,Largest Independent Set Problem,,31-Mar-24,,01-Apr-24,,08-Apr-24,,23-Apr-24,,23-May-24,
Dynamic Programming,Partition problem,,31-Mar-24,,01-Apr-24,,08-Apr-24,,23-Apr-24,,23-May-24,
Dynamic Programming,Longest Palindromic Subsequence,,01-Apr-24,,02-Apr-24,,09-Apr-24,,24-Apr-24,,24-May-24,
Dynamic Programming,Count All Palindromic Subsequence in a given String,,01-Apr-24,,02-Apr-24,,09-Apr-24,,24-Apr-24,,24-May-24,
Dynamic Programming,Longest Palindromic Substring,,02-Apr-24,,03-Apr-24,,10-Apr-24,,25-Apr-24,,25-May-24,
Dynamic Programming,Longest alternating subsequence,,02-Apr-24,,03-Apr-24,,10-Apr-24,,25-Apr-24,,25-May-24,
Dynamic Programming,Weighted Job Scheduling,,03-Apr-24,,04-Apr-24,,11-Apr-24,,26-Apr-24,,26-May-24,
Dynamic Programming,Coin game winner where every player has three choices,,03-Apr-24,,04-Apr-24,,11-Apr-24,,26-Apr-24,,26-May-24,
Dynamic Programming,Count Derangements (Permutation such that no element appears in its original position) [ IMPORTANT ],,04-Apr-24,,05-Apr-24,,12-Apr-24,,27-Apr-24,,27-May-24,
Dynamic Programming,Maximum profit by buying and selling a share at most twice [ IMP ],,04-Apr-24,,05-Apr-24,,12-Apr-24,,27-Apr-24,,27-May-24,
Dynamic Programming,Optimal Strategy for a Game,,05-Apr-24,,06-Apr-24,,13-Apr-24,,28-Apr-24,,28-May-24,
Dynamic Programming,Optimal Binary Search Tree,,05-Apr-24,,06-Apr-24,,13-Apr-24,,28-Apr-24,,28-May-24,
Dynamic Programming,Palindrome PartitioningProblem,,06-Apr-24,,07-Apr-24,,14-Apr-24,,29-Apr-24,,29-May-24,
Dynamic Programming,Word Wrap Problem,,06-Apr-24,,07-Apr-24,,14-Apr-24,,29-Apr-24,,29-May-24,
Dynamic Programming,Mobile Numeric Keypad Problem [ IMP ],,07-Apr-24,,08-Apr-24,,15-Apr-24,,30-Apr-24,,30-May-24,
Dynamic Programming,Boolean Parenthesization Problem,,07-Apr-24,,08-Apr-24,,15-Apr-24,,30-Apr-24,,30-May-24,
Dynamic Programming,Largest rectangular sub-matrix whose sum is 0,,08-Apr-24,,09-Apr-24,,16-Apr-24,,01-May-24,,31-May-24,
Dynamic Programming,Largest area rectangular sub-matrix with equal number of 1’s and 0’s [ IMP ],,08-Apr-24,,09-Apr-24,,16-Apr-24,,01-May-24,,31-May-24,
Dynamic Programming,Maximum sum rectangle in a 2D matrix,,09-Apr-24,,10-Apr-24,,17-Apr-24,,02-May-24,,01-Jun-24,
Dynamic Programming,Maximum profit by buying and selling a share at most k times,,09-Apr-24,,10-Apr-24,,17-Apr-24,,02-May-24,,01-Jun-24,
Dynamic Programming,Find if a string is interleaved of two other strings,,10-Apr-24,,11-Apr-24,,18-Apr-24,,03-May-24,,02-Jun-24,
Dynamic Programming,Maximum Length of Pair Chain,,10-Apr-24,,11-Apr-24,,18-Apr-24,,03-May-24,,02-Jun-24,
Bit Manipulation,Count set bits in an integer,,11-Apr-24,,12-Apr-24,,19-Apr-24,,04-May-24,,03-Jun-24,
Bit Manipulation,Find the two non-repeating elements in an array of repeating elements,,11-Apr-24,,12-Apr-24,,19-Apr-24,,04-May-24,,03-Jun-24,
Bit Manipulation,Count number of bits to be flipped to convert A to B,,12-Apr-24,,13-Apr-24,,20-Apr-24,,05-May-24,,04-Jun-24,
Bit Manipulation,Count total set bits in all numbers from 1 to n,,12-Apr-24,,13-Apr-24,,20-Apr-24,,05-May-24,,04-Jun-24,
Bit Manipulation,Program to find whether a no is power of two,,13-Apr-24,,14-Apr-24,,21-Apr-24,,06-May-24,,05-Jun-24,
Bit Manipulation,Find position of the only set bit,,13-Apr-24,,14-Apr-24,,21-Apr-24,,06-May-24,,05-Jun-24,
Bit Manipulation,Copy set bits in a range,,14-Apr-24,,15-Apr-24,,22-Apr-24,,07-May-24,,06-Jun-24,
Bit Manipulation,"Divide two integers without using multiplication, division and mod operator",,14-Apr-24,,15-Apr-24,,22-Apr-24,,07-May-24,,06-Jun-24,
Bit Manipulation,"Calculate square of a number without using *, / and pow()",,15-Apr-24,,16-Apr-24,,23-Apr-24,,08-May-24,,07-Jun-24,
Bit Manipulation,Power Set,,15-Apr-24,,16-Apr-24,,23-Apr-24,,08-May-24,,07-Jun-24,
